posLat,posLon,posAlt,startLat,startLon,startAlt,endStart,endLon,endAlt
51.3909,-0.364,15,51.39674,-0.36148,1104.9,51.38463,-0.36819,1219.2
51.3909,-0.364,15,51.39674,-0.36148,1104.9,51.38463,-0.36819,1219.2
51.3909,-0.364,15,51.39674,-0.36148,1104.9,51.38463,-0.36819,1219.2